-- ============================================================================
-- Populate Database with Belarusian/Russian Data
-- RWSDBv2.1 - Railway Station Database System v2.1
-- Belarusian Regional Data with Russian/Belarusian names
-- ============================================================================

-- First, clear existing data
DELETE FROM ticket;
DELETE FROM schedule;
DELETE FROM passenger;
DELETE FROM employee;
DELETE FROM service;
DELETE FROM platform;
DELETE FROM train;

-- ----------------------------------------------------------------------------
-- Populate train (Поезда Белорусской железной дороги)
-- ----------------------------------------------------------------------------
INSERT INTO public.train (train_number, speed, year_of_manufacture, type, number_of_cars) VALUES
('001БЧ', 120, 2018, 'Пассажирский', 18),
('002БЧ', 140, 2020, 'Пассажирский', 16),
('003БЧ', 160, 2021, 'Скорый', 12),
('004БЧ', 100, 2015, 'Грузовой', 25),
('005БЧ', 130, 2019, 'Пассажирский', 14),
('006БЧ', 180, 2022, 'Скорый', 10),
('007БЧ', 90, 2012, 'Грузовой', 30),
('008БЧ', 150, 2020, 'Пассажирский', 15),
('009БЧ', 200, 2023, 'Скорый', 8),
('010БЧ', 110, 2017, 'Пригородный', 6),
('011БЧ', 125, 2019, 'Пассажирский', 14),
('012БЧ', 95, 2014, 'Грузовой', 28),
('013БЧ', 170, 2021, 'Скорый', 10),
('014БЧ', 105, 2016, 'Пригородный', 5),
('015БЧ', 135, 2020, 'Пассажирский', 16),
('016БЧ', 145, 2022, 'Пассажирский', 12),
('017БЧ', 88, 2011, 'Грузовой', 32),
('018БЧ', 190, 2023, 'Скорый', 9),
('019БЧ', 115, 2018, 'Пригородный', 7),
('020БЧ', 155, 2021, 'Пассажирский', 14),
('021БЧ', 92, 2013, 'Грузовой', 30),
('022БЧ', 175, 2022, 'Скорый', 11),
('023БЧ', 108, 2017, 'Пригородный', 6),
('024БЧ', 142, 2020, 'Пассажирский', 15),
('025БЧ', 98, 2015, 'Грузовой', 26)
ON CONFLICT (train_number) DO NOTHING;

-- ----------------------------------------------------------------------------
-- Populate platform (Платформы)
-- ----------------------------------------------------------------------------
INSERT INTO public.platform (platform_number, capacity, location, number_of_tracks) VALUES
('1А', 500, 'Минск-Пассажирский, сектор A', 2),
('2А', 500, 'Минск-Пассажирский, сектор A', 2),
('3А', 400, 'Минск-Пассажирский, сектор B', 2),
('4А', 400, 'Минск-Пассажирский, сектор B', 2),
('5А', 350, 'Минск-Пассажирский, сектор C', 1),
('6А', 250, 'Пригородный терминал', 1),
('7А', 250, 'Пригородный терминал', 1),
('8А', 600, 'Грузовой терминал', 3),
('9А', 600, 'Грузовой терминал', 3),
('10А', 300, 'Скорые поезда', 2),
('11А', 280, 'Брест-Центральный', 2),
('12А', 320, 'Гомель-Пассажирский', 2),
('13А', 450, 'Витебск-Пассажирский', 2),
('14А', 450, 'Могилев-Пассажирский', 2),
('15А', 380, 'Гродно-Пассажирский', 2),
('16А', 380, 'Барановичи-Пассажирские', 2),
('17А', 550, 'Орша-Центральная', 3),
('18А', 550, 'Жлобин-Пассажирский', 3),
('19А', 200, 'Резервная зона', 1),
('20А', 200, 'Резервная зона', 1),
('21А', 420, 'Центральная платформа', 2),
('22А', 420, 'Центральная платформа', 2),
('23А', 350, 'Пригородная зона', 2),
('24А', 350, 'Пригородная зона', 2),
('25А', 500, 'Магистральная линия', 2)
ON CONFLICT (platform_number) DO NOTHING;

-- ----------------------------------------------------------------------------
-- Populate service (Услуги)
-- ----------------------------------------------------------------------------
INSERT INTO public.service (service_number, service_name, price, type, date) VALUES
('SRV001', 'Камера хранения багажа', 5.00, 'Сервис', CURRENT_DATE),
('SRV002', 'Комната отдыха', 15.00, 'Сервис', CURRENT_DATE),
('SRV003', 'Wi-Fi доступ', 3.00, 'Связь', CURRENT_DATE),
('SRV004', 'Заказ такси', 6.00, 'Транспорт', CURRENT_DATE),
('SRV005', 'Грузчик', 10.00, 'Помощь', CURRENT_DATE),
('SRV006', 'Проводник для инвалидов', 0.00, 'Помощь', CURRENT_DATE),
('SRV007', 'Детская комната', 8.00, 'Сервис', CURRENT_DATE),
('SRV008', 'Бизнес-зал', 30.00, 'Сервис', CURRENT_DATE),
('SRV009', 'Душ', 12.00, 'Сервис', CURRENT_DATE),
('SRV010', 'Зарядка устройств', 2.00, 'Связь', CURRENT_DATE),
('SRV011', 'Аптечка', 0.00, 'Медицина', CURRENT_DATE),
('SRV012', 'Информационная справка', 0.00, 'Инфо', CURRENT_DATE),
('SRV013', 'Печать билетов', 3.00, 'Сервис', CURRENT_DATE),
('SRV014', 'Упаковка багажа', 6.00, 'Сервис', CURRENT_DATE),
('SRV015', 'Парковка', 15.00, 'Транспорт', CURRENT_DATE),
('SRV016', 'Кафе-столовая', 10.00, 'Питание', CURRENT_DATE),
('SRV017', 'Автоматы с напитками', 3.00, 'Питание', CURRENT_DATE),
('SRV018', 'Комната матери и ребенка', 0.00, 'Сервис', CURRENT_DATE),
('SRV019', 'Услуги перевода', 15.00, 'Инфо', CURRENT_DATE),
('SRV020', 'Аренда автомобиля', 60.00, 'Транспорт', CURRENT_DATE),
('SRV021', 'Бронирование отеля', 5.00, 'Сервис', CURRENT_DATE),
('SRV022', 'Экскурсии по городу', 25.00, 'Сервис', CURRENT_DATE),
('SRV023', 'Доставка к поезду', 12.00, 'Транспорт', CURRENT_DATE),
('SRV024', 'Камера хранения велосипедов', 3.00, 'Сервис', CURRENT_DATE),
('SRV025', 'Услуги факсимильной связи', 2.00, 'Связь', CURRENT_DATE)
ON CONFLICT (service_number) DO NOTHING;

-- ----------------------------------------------------------------------------
-- Populate employee (Сотрудники)
-- ----------------------------------------------------------------------------
INSERT INTO public.employee (employee_number, full_name, position, work_experience, passport_information) VALUES
('EMP001', 'Иванов Иван Иванович', 'Начальник вокзала', 15, 'MP 1234567'),
('EMP002', 'Петров Петр Петрович', 'Заместитель начальника вокзала', 12, 'MP 2345678'),
('EMP003', 'Сидоров Сидор Сидорович', 'Диспетчер', 8, 'MP 3456789'),
('EMP004', 'Кузнецов Кузьма Кузьмич', 'Кассир', 5, 'MP 4567890'),
('EMP005', 'Попов Поп Попович', 'Проводник', 3, 'MP 5678901'),
('EMP006', 'Смирнов Смирн Смирнович', 'Машинист', 10, 'MP 6789012'),
('EMP007', 'Васильев Василь Васильевич', 'Помощник машиниста', 4, 'MP 7890123'),
('EMP008', 'Михайлов Михаил Михайлович', 'Дежурный по станции', 7, 'MP 8901234'),
('EMP009', 'Федоров Федор Федорович', 'Уборщик', 2, 'MP 9012345'),
('EMP010', 'Алексеев Алексей Алексеевич', 'Охранник', 6, 'MP 0123456'),
('EMP011', 'Григорьев Григорий Григорьевич', 'Грузчик', 1, 'MP 1122334'),
('EMP012', 'Николаев Николай Николаевич', 'Информатор', 4, 'MP 2233445'),
('EMP013', 'Семенов Семен Семенович', 'Техник', 9, 'MP 3344556'),
('EMP014', 'Егоров Егор Егорович', 'Электрик', 11, 'MP 4455667'),
('EMP015', 'Павлов Павел Павлович', 'Механик', 13, 'MP 5566778'),
('EMP016', 'Яковлев Яков Яковлевич', 'Ревизор', 8, 'MP 6677889'),
('EMP017', 'Романов Роман Романович', 'Диспетчер', 5, 'MP 7788990'),
('EMP018', 'Сергеев Сергей Сергеевич', 'Начальник поезда', 12, 'MP 8899001'),
('EMP019', 'Дмитриев Дмитрий Дмитриевич', 'Проводник', 3, 'MP 9900112'),
('EMP020', 'Захаров Захар Захарович', 'Контролер', 6, 'MP 0011223'),
('EMP021', 'Кузьмин Кузьма Кузьмич', 'Слесарь', 7, 'MP 1122003'),
('EMP022', 'Морозов Мороз Морозович', 'Сигналист', 9, 'MP 2233114'),
('EMP023', 'Волков Волк Волкович', 'Путеец', 15, 'MP 3344225'),
('EMP024', 'Лебедев Лебедь Лебедевич', 'Мастер участка', 18, 'MP 4455336'),
('EMP025', 'Козлов Козел Козлович', 'Оператор', 4, 'MP 5566447')
ON CONFLICT (employee_number) DO NOTHING;

-- ----------------------------------------------------------------------------
-- Populate passenger (Пассажиры) - Belarusian/Russian names
-- ----------------------------------------------------------------------------
INSERT INTO public.passenger (passenger_number, full_name, passport_number, mobile_phone, feature) VALUES
('PASS000001', 'Иванов Иван Иванович', 'MP 1000001', '+375(29)001-0001', NULL),
('PASS000002', 'Петров Петр Петрович', 'MP 1000002', '+375(29)001-0002', NULL),
('PASS000003', 'Сидоров Сидор Сидорович', 'MP 1000003', '+375(29)001-0003', 'Инвалидность'),
('PASS000004', 'Кузнецов Кузьма Кузьмич', 'MP 1000004', '+375(29)001-0004', NULL),
('PASS000005', 'Попов Поп Попович', 'MP 1000005', '+375(29)001-0005', NULL),
('PASS000006', 'Смирнов Смирн Смирнович', 'MP 1000006', '+375(29)001-0006', 'Дети до 10 лет'),
('PASS000007', 'Васильев Василь Васильевич', 'MP 1000007', '+375(29)001-0007', NULL),
('PASS000008', 'Михайлов Михаил Михайлович', 'MP 1000008', '+375(29)001-0008', NULL),
('PASS000009', 'Федоров Федор Федорович', 'MP 1000009', '+375(29)001-0009', 'Пенсионер'),
('PASS000010', 'Алексеев Алексей Алексеевич', 'MP 1000010', '+375(29)001-0010', NULL),
('PASS000011', 'Григорьев Григорий Григорьевич', 'MP 1000011', '+375(29)001-0011', NULL),
('PASS000012', 'Николаев Николай Николаевич', 'MP 1000012', '+375(29)001-0012', NULL),
('PASS000013', 'Семенов Семен Семенович', 'MP 1000013', '+375(29)001-0013', 'Беременная женщина'),
('PASS000014', 'Егоров Егор Егорович', 'MP 1000014', '+375(29)001-0014', NULL),
('PASS000015', 'Павлов Павел Павлович', 'MP 1000015', '+375(29)001-0015', NULL),
('PASS000016', 'Яковлев Яков Яковлевич', 'MP 1000016', '+375(29)001-0016', NULL),
('PASS000017', 'Романов Роман Романович', 'MP 1000017', '+375(29)001-0017', 'Инвалидность'),
('PASS000018', 'Сергеев Сергей Сергеевич', 'MP 1000018', '+375(29)001-0018', NULL),
('PASS000019', 'Дмитриев Дмитрий Дмитриевич', 'MP 1000019', '+375(29)001-0019', NULL),
('PASS000020', 'Захаров Захар Захарович', 'MP 1000020', '+375(29)001-0020', 'Дети до 10 лет'),
('PASS000021', 'Кузьмин Кузьма Кузьмич', 'MP 1000021', '+375(29)001-0021', NULL),
('PASS000022', 'Морозов Мороз Морозович', 'MP 1000022', '+375(29)001-0022', NULL),
('PASS000023', 'Волков Волк Волкович', 'MP 1000023', '+375(29)001-0023', 'Пенсионер'),
('PASS000024', 'Лебедев Лебедь Лебедевич', 'MP 1000024', '+375(29)001-0024', NULL),
('PASS000025', 'Козлов Козел Козлович', 'MP 1000025', '+375(29)001-0025', NULL),
('PASS000026', 'Корзлов Карп Карпович', 'MP 1000026', '+375(29)001-0026', NULL),
('PASS000027', 'Наумович Наум Наумович', 'MP 1000027', '+375(29)001-0027', 'Инвалидность'),
('PASS000028', 'Климович Клим Климович', 'MP 1000028', '+375(29)001-0028', NULL),
('PASS000029', 'Орлович Артем Артемович', 'MP 1000029', '+375(29)001-0029', NULL),
('PASS000030', 'Воронцов Ворон Воронцович', 'MP 1000030', '+375(29)001-0030', 'Дети до 10 лет')
ON CONFLICT (passenger_number) DO NOTHING;

-- ----------------------------------------------------------------------------
-- Populate schedule (Расписание) - Belarusian cities
-- ----------------------------------------------------------------------------
INSERT INTO public.schedule (schedule_number, arrival_time, departure_time, date, carriage_numbering, train_number, platform_number, ticket_number) VALUES
('SCH000001', '06:00:00', '06:15:00', '2025-01-15', '1-9, 10-18', '001БЧ', '1А', 'TKT000001'),
('SCH000002', '07:30:00', '07:45:00', '2025-01-15', '1-8, 9-16', '002БЧ', '2А', 'TKT000002'),
('SCH000003', '08:00:00', '08:10:00', '2025-01-15', '1-6, 7-12', '003БЧ', '10А', 'TKT000003'),
('SCH000004', '09:15:00', '09:30:00', '2025-01-15', '1-13, 14-25', '004БЧ', '8А', 'TKT000004'),
('SCH000005', '10:00:00', '10:20:00', '2025-01-15', '1-7, 8-14', '005БЧ', '3А', 'TKT000005'),
('SCH000006', '11:30:00', '11:40:00', '2025-01-15', '1-5, 6-10', '006БЧ', '10А', 'TKT000006'),
('SCH000007', '12:00:00', '12:25:00', '2025-01-15', '1-15, 16-30', '007БЧ', '9А', 'TKT000007'),
('SCH000008', '13:45:00', '14:00:00', '2025-01-15', '1-8, 9-15', '008БЧ', '4А', 'TKT000008'),
('SCH000009', '15:00:00', '15:10:00', '2025-01-15', '1-4, 5-8', '009БЧ', '10А', 'TKT000009'),
('SCH000010', '16:30:00', '16:45:00', '2025-01-15', '1-3, 4-6', '010БЧ', '6А', 'TKT000010'),
('SCH000011', '06:30:00', '06:45:00', '2025-01-16', '1-7, 8-14', '011БЧ', '1А', 'TKT000011'),
('SCH000012', '07:00:00', '07:20:00', '2025-01-16', '1-14, 15-28', '012БЧ', '8А', 'TKT000012'),
('SCH000013', '08:30:00', '08:40:00', '2025-01-16', '1-5, 6-10', '013БЧ', '10А', 'TKT000013'),
('SCH000014', '09:00:00', '09:15:00', '2025-01-16', '1-3, 4-5', '014БЧ', '6А', 'TKT000014'),
('SCH000015', '10:30:00', '10:50:00', '2025-01-16', '1-8, 9-16', '015БЧ', '2А', 'TKT000015'),
('SCH000016', '11:00:00', '11:10:00', '2025-01-16', '1-6, 7-12', '016БЧ', '3А', 'TKT000016'),
('SCH000017', '12:30:00', '12:50:00', '2025-01-16', '1-16, 17-32', '017БЧ', '9А', 'TKT000017'),
('SCH000018', '14:00:00', '14:10:00', '2025-01-16', '1-5, 6-9', '018БЧ', '10А', 'TKT000018'),
('SCH000019', '15:30:00', '15:45:00', '2025-01-16', '1-4, 5-7', '019БЧ', '7А', 'TKT000019'),
('SCH000020', '17:00:00', '17:15:00', '2025-01-16', '1-7, 8-14', '020БЧ', '4А', 'TKT000020'),
('SCH000021', '06:15:00', '06:35:00', '2025-01-17', '1-13, 14-26', '021БЧ', '8А', 'TKT000021'),
('SCH000022', '07:45:00', '07:55:00', '2025-01-17', '1-6, 7-11', '022БЧ', '10А', 'TKT000022'),
('SCH000023', '08:15:00', '08:30:00', '2025-01-17', '1-3, 4-6', '023БЧ', '6А', 'TKT000023'),
('SCH000024', '09:30:00', '09:50:00', '2025-01-17', '1-8, 9-15', '024БЧ', '1А', 'TKT000024'),
('SCH000025', '10:45:00', '11:00:00', '2025-01-17', '1-13, 14-26', '025БЧ', '9А', 'TKT000025'),
('SCH000026', '05:30:00', '05:45:00', '2025-01-18', '1-10, 11-18', '001БЧ', '11А', 'TKT000026'),
('SCH000027', '06:45:00', '07:00:00', '2025-01-18', '1-8, 9-16', '002БЧ', '12А', 'TKT000027'),
('SCH000028', '08:15:00', '08:30:00', '2025-01-18', '1-6, 7-12', '003БЧ', '13А', 'TKT000028'),
('SCH000029', '09:45:00', '10:00:00', '2025-01-18', '1-12, 13-24', '004БЧ', '14А', 'TKT000029'),
('SCH000030', '11:15:00', '11:30:00', '2025-01-18', '1-7, 8-14', '005БЧ', '15А', 'TKT000030')
ON CONFLICT (schedule_number) DO NOTHING;

-- ----------------------------------------------------------------------------
-- Populate ticket (Билеты)
-- ----------------------------------------------------------------------------
INSERT INTO public.ticket (ticket_number, carriage_number, ticket_price, seat_number, passenger_number, train_number, purchase_date, travel_date) VALUES
('TKT000001', '5', 45.00, '12В', 'PASS000001', '001БЧ', '2025-01-10', '2025-01-15'),
('TKT000002', '3', 55.00, '25Н', 'PASS000002', '002БЧ', '2025-01-11', '2025-01-15'),
('TKT000003', '2', 65.00, '08В', 'PASS000003', '003БЧ', '2025-01-10', '2025-01-15'),
('TKT000004', '12', 30.00, '45Н', 'PASS000004', '004БЧ', '2025-01-12', '2025-01-15'),
('TKT000005', '7', 50.00, '18В', 'PASS000005', '005БЧ', '2025-01-11', '2025-01-15'),
('TKT000006', '1', 75.00, '03В', 'PASS000006', '006БЧ', '2025-01-10', '2025-01-15'),
('TKT000007', '20', 28.00, '67Н', 'PASS000007', '007БЧ', '2025-01-13', '2025-01-15'),
('TKT000008', '4', 52.00, '22В', 'PASS000008', '008БЧ', '2025-01-11', '2025-01-15'),
('TKT000009', '1', 90.00, '01В', 'PASS000009', '009БЧ', '2025-01-10', '2025-01-15'),
('TKT000010', '2', 25.00, '15Н', 'PASS000010', '010БЧ', '2025-01-12', '2025-01-15'),
('TKT000011', '6', 48.00, '28В', 'PASS000011', '011БЧ', '2025-01-11', '2025-01-16'),
('TKT000012', '18', 32.00, '52Н', 'PASS000012', '012БЧ', '2025-01-10', '2025-01-16'),
('TKT000013', '3', 62.00, '09В', 'PASS000013', '013БЧ', '2025-01-12', '2025-01-16'),
('TKT000014', '1', 22.00, '05Н', 'PASS000014', '014БЧ', '2025-01-11', '2025-01-16'),
('TKT000015', '8', 51.00, '31В', 'PASS000015', '015БЧ', '2025-01-10', '2025-01-16'),
('TKT000016', '4', 58.00, '14В', 'PASS000016', '016БЧ', '2025-01-13', '2025-01-16'),
('TKT000017', '25', 27.00, '78Н', 'PASS000017', '017БЧ', '2025-01-11', '2025-01-16'),
('TKT000018', '2', 85.00, '06В', 'PASS000018', '018БЧ', '2025-01-10', '2025-01-16'),
('TKT000019', '3', 24.00, '11Н', 'PASS000019', '019БЧ', '2025-01-12', '2025-01-16'),
('TKT000020', '7', 54.00, '24В', 'PASS000020', '020БЧ', '2025-01-11', '2025-01-16'),
('TKT000021', '15', 31.00, '48Н', 'PASS000021', '021БЧ', '2025-01-10', '2025-01-17'),
('TKT000022', '5', 60.00, '17В', 'PASS000022', '022БЧ', '2025-01-13', '2025-01-17'),
('TKT000023', '2', 23.00, '08Н', 'PASS000023', '023БЧ', '2025-01-11', '2025-01-17'),
('TKT000024', '9', 56.00, '35В', 'PASS000024', '024БЧ', '2025-01-10', '2025-01-17'),
('TKT000025', '20', 33.00, '61Н', 'PASS000025', '025БЧ', '2025-01-12', '2025-01-17'),
('TKT000026', '11', 42.00, '42В', 'PASS000026', '001БЧ', '2025-01-11', '2025-01-17'),
('TKT000027', '6', 70.00, '19В', 'PASS000027', '003БЧ', '2025-01-10', '2025-01-17'),
('TKT000028', '14', 29.00, '55Н', 'PASS000028', '004БЧ', '2025-01-13', '2025-01-17'),
('TKT000029', '3', 59.00, '10В', 'PASS000029', '006БЧ', '2025-01-11', '2025-01-17'),
('TKT000030', '8', 50.00, '29В', 'PASS000030', '008БЧ', '2025-01-10', '2025-01-17')
ON CONFLICT (ticket_number) DO NOTHING;

-- ============================================================================
-- END OF DATA POPULATION
-- ============================================================================
